<metadata xml:lang="en"><Esri><CreaDate>20170310</CreaDate><CreaTime>16133300</CreaTime><ArcGISFormat>1.0</ArcGISFormat><SyncOnce>FALSE</SyncOnce><DataProperties><itemProps><itemName Sync="TRUE">tide_zone_polygons</itemName><imsContentType Sync="TRUE">002</imsContentType><itemSize Sync="TRUE">0.000</itemSize><itemLocation><linkage Sync="TRUE">file://\\OCS-L-004310131\E$\csb\tide zone polygons\tide_zone_polygons.shp</linkage><protocol Sync="TRUE">Local Area Network</protocol></itemLocation></itemProps><coordRef><type Sync="TRUE">Geographic</type><geogcsn Sync="TRUE">GCS_WGS_1984</geogcsn><csUnits Sync="TRUE">Angular Unit: Degree (0.017453)</csUnits><peXml Sync="TRUE">&lt;GeographicCoordinateSystem xsi:type='typens:GeographicCoordinateSystem' xmlns:xsi='http://www.w3.org/2001/XMLSchema-instance' xmlns:xs='http://www.w3.org/2001/XMLSchema' xmlns:typens='http://www.esri.com/schemas/ArcGIS/2.5.0'&gt;&lt;WKT&gt;GEOGCS[&amp;quot;GCS_WGS_1984&amp;quot;,DATUM[&amp;quot;D_WGS_1984&amp;quot;,SPHEROID[&amp;quot;WGS_1984&amp;quot;,6378137.0,298.257223563]],PRIMEM[&amp;quot;Greenwich&amp;quot;,0.0],UNIT[&amp;quot;Degree&amp;quot;,0.0174532925199433],AUTHORITY[&amp;quot;EPSG&amp;quot;,4326]]&lt;/WKT&gt;&lt;XOrigin&gt;-400&lt;/XOrigin&gt;&lt;YOrigin&gt;-400&lt;/YOrigin&gt;&lt;XYScale&gt;11258999068426.238&lt;/XYScale&gt;&lt;ZOrigin&gt;-100000&lt;/ZOrigin&gt;&lt;ZScale&gt;10000&lt;/ZScale&gt;&lt;MOrigin&gt;-100000&lt;/MOrigin&gt;&lt;MScale&gt;10000&lt;/MScale&gt;&lt;XYTolerance&gt;8.983152841195215e-09&lt;/XYTolerance&gt;&lt;ZTolerance&gt;0.001&lt;/ZTolerance&gt;&lt;MTolerance&gt;0.001&lt;/MTolerance&gt;&lt;HighPrecision&gt;true&lt;/HighPrecision&gt;&lt;LeftLongitude&gt;-180&lt;/LeftLongitude&gt;&lt;WKID&gt;4326&lt;/WKID&gt;&lt;LatestWKID&gt;4326&lt;/LatestWKID&gt;&lt;/GeographicCoordinateSystem&gt;</peXml></coordRef><lineage><Process ToolSource="c:\program files\arcgis\pro\Resources\ArcToolbox\toolboxes\Data Management Tools.tbx\DeleteField" Date="20180329" Time="084419">DeleteField GulfofMexico ZoneID</Process><Process ToolSource="c:\program files\arcgis\pro\Resources\ArcToolbox\toolboxes\Data Management Tools.tbx\Merge" Date="20180410" Time="153101">Merge New\GulfofMexico;new C:\HPT\DTZM\Arc\DiscreteTidalZoningMap_new.gdb\GulfofMexico_Merge1 "ControlStn "ControlStn" true true false 254 Text 0 0,First,#,New\GulfofMexico,ControlStn,0,254,new,ControlStn,0,8;ATCorr "ATCorr" true true false 4 Float 0 0,First,#,New\GulfofMexico,ATCorr,-1,-1,new,ATCorr,-1,-1;RR "RR" true true false 4 Float 0 0,First,#,New\GulfofMexico,RR,-1,-1,new,RR,-1,-1;DataProv "DataProv" true true false 254 Text 0 0,First,#,New\GulfofMexico,DataProv,0,254,new,DataProv,0,255;Shape_Length "Shape_Length" false true true 8 Double 0 0,First,#,New\GulfofMexico,Shape_Length,-1,-1,new,shape_Length,-1,-1;Shape_Area "Shape_Area" false true true 8 Double 0 0,First,#,New\GulfofMexico,Shape_Area,-1,-1,new,shape_Area,-1,-1"</Process><Process ToolSource="c:\program files\arcgis\pro\Resources\ArcToolbox\toolboxes\Conversion Tools.tbx\FeatureClassToFeatureClass" Date="20180411" Time="134050">FeatureClassToFeatureClass GulfofMexico_Merge1 C:\HPT\DTZM\2017update\DTZM.gdb GulfofMexico # "ControlStn "ControlStn" true true false 254 Text 0 0,First,#,GulfofMexico_Merge1,ControlStn,0,254;ATCorr "ATCorr" true true false 4 Float 0 0,First,#,GulfofMexico_Merge1,ATCorr,-1,-1;RR "RR" true true false 4 Float 0 0,First,#,GulfofMexico_Merge1,RR,-1,-1;DataProv "DataProv" true true false 254 Text 0 0,First,#,GulfofMexico_Merge1,DataProv,0,254;Shape_Length "Shape_Length" false true true 8 Double 0 0,First,#,GulfofMexico_Merge1,Shape_Length,-1,-1;Shape_Area "Shape_Area" false true true 8 Double 0 0,First,#,GulfofMexico_Merge1,Shape_Area,-1,-1" #</Process><Process ToolSource="c:\program files\arcgis\pro\Resources\ArcToolbox\toolboxes\Analysis Tools.tbx\Update" Date="20180412" Time="105236">Update New\GulfofMexico merge2017_GulfofMexico C:\HPT\DTZM\2017update\UpdatedFCs.gdb\GulfofMexico_Update BORDERS #</Process><Process ToolSource="c:\program files\arcgis\pro\Resources\ArcToolbox\toolboxes\Data Management Tools.tbx\Rename" Date="20180416" Time="134451">Rename C:\HPT\DTZM\2017update\UpdatedDTZM.gdb\GulfofMexico_Update C:\HPT\DTZM\2017update\UpdatedDTZM.gdb\GulfofMexico FeatureClass</Process><Process ToolSource="c:\program files\arcgis\pro\Resources\ArcToolbox\toolboxes\Data Management Tools.tbx\AddField" Date="20180416" Time="140808">AddField "CIMDATA=&lt;CIMStandardDataConnection xsi:type='typens:CIMStandardDataConnection' xmlns:xsi='http://www.w3.org/2001/XMLSchema-instance' xmlns:xs='http://www.w3.org/2001/XMLSchema' xmlns:typens='http://www.esri.com/schemas/ArcGIS/2.1.0'&gt;&lt;WorkspaceConnectionString&gt;DATABASE=C:\HPT\DTZM\2017update\UpdatedDTZM.gdb&lt;/WorkspaceConnectionString&gt;&lt;WorkspaceFactory&gt;FileGDB&lt;/WorkspaceFactory&gt;&lt;Dataset&gt;GulfofMexico&lt;/Dataset&gt;&lt;DatasetType&gt;esriDTFeatureClass&lt;/DatasetType&gt;&lt;/CIMStandardDataConnection&gt;" ControlStn2 Text # # 255 ControlStn2 NULLABLE NON_REQUIRED #</Process><Process ToolSource="c:\program files\arcgis\pro\Resources\ArcToolbox\toolboxes\Data Management Tools.tbx\AddField" Date="20180416" Time="140810">AddField "CIMDATA=&lt;CIMStandardDataConnection xsi:type='typens:CIMStandardDataConnection' xmlns:xsi='http://www.w3.org/2001/XMLSchema-instance' xmlns:xs='http://www.w3.org/2001/XMLSchema' xmlns:typens='http://www.esri.com/schemas/ArcGIS/2.1.0'&gt;&lt;WorkspaceConnectionString&gt;DATABASE=C:\HPT\DTZM\2017update\UpdatedDTZM.gdb&lt;/WorkspaceConnectionString&gt;&lt;WorkspaceFactory&gt;FileGDB&lt;/WorkspaceFactory&gt;&lt;Dataset&gt;GulfofMexico&lt;/Dataset&gt;&lt;DatasetType&gt;esriDTFeatureClass&lt;/DatasetType&gt;&lt;/CIMStandardDataConnection&gt;" ATCorr2 "Float (single precision)" # # # ATCorr2 NULLABLE NON_REQUIRED #</Process><Process ToolSource="c:\program files\arcgis\pro\Resources\ArcToolbox\toolboxes\Data Management Tools.tbx\AddField" Date="20180416" Time="140811">AddField "CIMDATA=&lt;CIMStandardDataConnection xsi:type='typens:CIMStandardDataConnection' xmlns:xsi='http://www.w3.org/2001/XMLSchema-instance' xmlns:xs='http://www.w3.org/2001/XMLSchema' xmlns:typens='http://www.esri.com/schemas/ArcGIS/2.1.0'&gt;&lt;WorkspaceConnectionString&gt;DATABASE=C:\HPT\DTZM\2017update\UpdatedDTZM.gdb&lt;/WorkspaceConnectionString&gt;&lt;WorkspaceFactory&gt;FileGDB&lt;/WorkspaceFactory&gt;&lt;Dataset&gt;GulfofMexico&lt;/Dataset&gt;&lt;DatasetType&gt;esriDTFeatureClass&lt;/DatasetType&gt;&lt;/CIMStandardDataConnection&gt;" RR2 "Float (single precision)" # # # RR2 NULLABLE NON_REQUIRED #</Process><Process ToolSource="c:\program files\arcgis\pro\Resources\ArcToolbox\toolboxes\Analysis Tools.tbx\SpatialJoin" Date="20180425" Time="150328">SpatialJoin GulfofMexico AltControls\CC_Rockport C:\HPT\DTZM\2017update\UpdatedDTZM.gdb\GulfofMexico_SpatialJoin "Join one to one" KEEP_ALL "ControlStn "ControlStn" true true false 254 Text 0 0,First,#,GulfofMexico,ControlStn,0,254;ATCorr "ATCorr" true true false 4 Float 0 0,First,#,GulfofMexico,ATCorr,-1,-1;RR "RR" true true false 4 Float 0 0,First,#,GulfofMexico,RR,-1,-1;ControlStn2 "ControlStn2" true true false 255 Text 0 0,First,#,GulfofMexico,ControlStn2,0,255;ATCorr2 "ATCorr2" true true false 4 Float 0 0,First,#,GulfofMexico,ATCorr2,-1,-1;RR2 "RR2" true true false 4 Float 0 0,First,#,GulfofMexico,RR2,-1,-1;ts3 "ts3" true true false 8 Text 0 0,First,#,AltControls\CC_Rockport,ts3,0,8;atc3 "atc3" true true false 4 Float 0 0,First,#,AltControls\CC_Rockport,atc3,-1,-1;r3 "r3" true true false 4 Float 0 0,First,#,AltControls\CC_Rockport,r3,-1,-1;DataProv "DataProv" true true false 254 Text 0 0,First,#,GulfofMexico,DataProv,0,254;Shape_Length "Shape_Length" false true true 8 Double 0 0,First,#,GulfofMexico,Shape_Length,-1,-1;Shape_Area "Shape_Area" false true true 8 Double 0 0,First,#,GulfofMexico,Shape_Area,-1,-1" "Have their center in" # #</Process><Process ToolSource="c:\program files\arcgis\pro\Resources\ArcToolbox\toolboxes\Data Management Tools.tbx\DeleteField" Date="20180425" Time="150503">DeleteField "CIMDATA=&lt;CIMStandardDataConnection xsi:type='typens:CIMStandardDataConnection' xmlns:xsi='http://www.w3.org/2001/XMLSchema-instance' xmlns:xs='http://www.w3.org/2001/XMLSchema' xmlns:typens='http://www.esri.com/schemas/ArcGIS/2.1.0'&gt;&lt;WorkspaceConnectionString&gt;DATABASE=C:\HPT\DTZM\2017update\UpdatedDTZM.gdb&lt;/WorkspaceConnectionString&gt;&lt;WorkspaceFactory&gt;FileGDB&lt;/WorkspaceFactory&gt;&lt;Dataset&gt;GulfofMexico_SpatialJoin&lt;/Dataset&gt;&lt;DatasetType&gt;esriDTFeatureClass&lt;/DatasetType&gt;&lt;/CIMStandardDataConnection&gt;" Join_Count</Process><Process ToolSource="c:\program files\arcgis\pro\Resources\ArcToolbox\toolboxes\Data Management Tools.tbx\DeleteField" Date="20180425" Time="150504">DeleteField "CIMDATA=&lt;CIMStandardDataConnection xsi:type='typens:CIMStandardDataConnection' xmlns:xsi='http://www.w3.org/2001/XMLSchema-instance' xmlns:xs='http://www.w3.org/2001/XMLSchema' xmlns:typens='http://www.esri.com/schemas/ArcGIS/2.1.0'&gt;&lt;WorkspaceConnectionString&gt;DATABASE=C:\HPT\DTZM\2017update\UpdatedDTZM.gdb&lt;/WorkspaceConnectionString&gt;&lt;WorkspaceFactory&gt;FileGDB&lt;/WorkspaceFactory&gt;&lt;Dataset&gt;GulfofMexico_SpatialJoin&lt;/Dataset&gt;&lt;DatasetType&gt;esriDTFeatureClass&lt;/DatasetType&gt;&lt;/CIMStandardDataConnection&gt;" TARGET_FID</Process><Process ToolSource="c:\program files\arcgis\pro\Resources\ArcToolbox\toolboxes\Data Management Tools.tbx\CalculateField" Date="20180425" Time="150531">CalculateField GulfofMexico_SpatialJoin ControlStn2 !ts3! "Python 3" #</Process><Process ToolSource="c:\program files\arcgis\pro\Resources\ArcToolbox\toolboxes\Data Management Tools.tbx\CalculateField" Date="20180425" Time="150544">CalculateField GulfofMexico_SpatialJoin ATCorr2 !atc3! "Python 3" #</Process><Process ToolSource="c:\program files\arcgis\pro\Resources\ArcToolbox\toolboxes\Data Management Tools.tbx\CalculateField" Date="20180425" Time="150602">CalculateField GulfofMexico_SpatialJoin RR2 !r3! "Python 3" #</Process><Process ToolSource="c:\program files\arcgis\pro\Resources\ArcToolbox\toolboxes\Data Management Tools.tbx\DeleteField" Date="20180425" Time="150655">DeleteField "CIMDATA=&lt;CIMStandardDataConnection xsi:type='typens:CIMStandardDataConnection' xmlns:xsi='http://www.w3.org/2001/XMLSchema-instance' xmlns:xs='http://www.w3.org/2001/XMLSchema' xmlns:typens='http://www.esri.com/schemas/ArcGIS/2.1.0'&gt;&lt;WorkspaceConnectionString&gt;DATABASE=C:\HPT\DTZM\2017update\UpdatedDTZM.gdb&lt;/WorkspaceConnectionString&gt;&lt;WorkspaceFactory&gt;FileGDB&lt;/WorkspaceFactory&gt;&lt;Dataset&gt;GulfofMexico_SpatialJoin&lt;/Dataset&gt;&lt;DatasetType&gt;esriDTFeatureClass&lt;/DatasetType&gt;&lt;/CIMStandardDataConnection&gt;" ts3</Process><Process ToolSource="c:\program files\arcgis\pro\Resources\ArcToolbox\toolboxes\Data Management Tools.tbx\DeleteField" Date="20180425" Time="150656">DeleteField "CIMDATA=&lt;CIMStandardDataConnection xsi:type='typens:CIMStandardDataConnection' xmlns:xsi='http://www.w3.org/2001/XMLSchema-instance' xmlns:xs='http://www.w3.org/2001/XMLSchema' xmlns:typens='http://www.esri.com/schemas/ArcGIS/2.1.0'&gt;&lt;WorkspaceConnectionString&gt;DATABASE=C:\HPT\DTZM\2017update\UpdatedDTZM.gdb&lt;/WorkspaceConnectionString&gt;&lt;WorkspaceFactory&gt;FileGDB&lt;/WorkspaceFactory&gt;&lt;Dataset&gt;GulfofMexico_SpatialJoin&lt;/Dataset&gt;&lt;DatasetType&gt;esriDTFeatureClass&lt;/DatasetType&gt;&lt;/CIMStandardDataConnection&gt;" atc3</Process><Process ToolSource="c:\program files\arcgis\pro\Resources\ArcToolbox\toolboxes\Data Management Tools.tbx\DeleteField" Date="20180425" Time="150658">DeleteField "CIMDATA=&lt;CIMStandardDataConnection xsi:type='typens:CIMStandardDataConnection' xmlns:xsi='http://www.w3.org/2001/XMLSchema-instance' xmlns:xs='http://www.w3.org/2001/XMLSchema' xmlns:typens='http://www.esri.com/schemas/ArcGIS/2.1.0'&gt;&lt;WorkspaceConnectionString&gt;DATABASE=C:\HPT\DTZM\2017update\UpdatedDTZM.gdb&lt;/WorkspaceConnectionString&gt;&lt;WorkspaceFactory&gt;FileGDB&lt;/WorkspaceFactory&gt;&lt;Dataset&gt;GulfofMexico_SpatialJoin&lt;/Dataset&gt;&lt;DatasetType&gt;esriDTFeatureClass&lt;/DatasetType&gt;&lt;/CIMStandardDataConnection&gt;" r3</Process><Process ToolSource="c:\program files\arcgis\pro\Resources\ArcToolbox\toolboxes\Data Management Tools.tbx\CopyFeatures" Date="20180427" Time="105017">CopyFeatures GulfofMexico_SpatialJoin C:\HPT\DTZM\2017update\NewDTZMforOverwrite.gdb\GulfofMexico_SpatialJoin # # # #</Process><Process ToolSource="c:\program files\arcgis\pro\Resources\ArcToolbox\toolboxes\Data Management Tools.tbx\Rename" Date="20180427" Time="105117">Rename C:\HPT\DTZM\2017update\NewDTZMforOverwrite.gdb\GulfofMexico_SpatialJoin C:\HPT\DTZM\2017update\NewDTZMforOverwrite.gdb\GulfofMexico FeatureClass</Process><Process ToolSource="c:\program files\arcgis\pro\Resources\ArcToolbox\toolboxes\Analysis Tools.tbx\Update" Date="20180731" Time="141012">Update GulfofMexico NewZones_QC "W:\HPT\Hydro Products\Digital Zoning Database\20180731_2018Leidos_CU\CO-OPS_Regional_Zoning.gdb\GulfofMexico_Update" BORDERS #</Process><Process ToolSource="c:\program files\arcgis\pro\Resources\ArcToolbox\toolboxes\Data Management Tools.tbx\Rename" Date="20180731" Time="142152">Rename "W:\HPT\Hydro Products\Digital Zoning Database\20180731_2018Leidos_CU\CO-OPS_Regional_Zoning.gdb\GulfofMexico_Update" "W:\HPT\Hydro Products\Digital Zoning Database\20180731_2018Leidos_CU\CO-OPS_Regional_Zoning.gdb\GulfofMexico" FeatureClass</Process><Process ToolSource="c:\program files\arcgis\pro\Resources\ArcToolbox\toolboxes\Analysis Tools.tbx\Update" Date="20190514" Time="144716">Update GulfofMexico GulfNewZones "W:\HPT\Hydro Products\Digital Zoning Database\20190514_Lane_Florence_LeidosGulf_K306TJ2019_CF\CO-OPS_Regional_Zoning.gdb\GulfofMexico_Update" BORDERS #</Process><Process ToolSource="c:\program files\arcgis\pro\Resources\ArcToolbox\toolboxes\Data Management Tools.tbx\Rename" Date="20190514" Time="150513">Rename "W:\HPT\Hydro Products\Digital Zoning Database\20190514_Lane_Florence_LeidosGulf_K306TJ2019_CF\CO-OPS_Regional_Zoning.gdb\GulfofMexico_Update" "W:\HPT\Hydro Products\Digital Zoning Database\20190514_Lane_Florence_LeidosGulf_K306TJ2019_CF\CO-OPS_Regional_Zoning.gdb\GulfofMexico" FeatureClass</Process><Process ToolSource="c:\program files\arcgis\pro\Resources\ArcToolbox\toolboxes\Analysis Tools.tbx\Update" Date="20190515" Time="151536">Update GulfofMexico NewZones_QC "W:\HPT\Hydro Products\Digital Zoning Database\20190515_2019Leidos_CU\CO-OPS_Regional_Zoning.gdb\GulfofMexico_Update" BORDERS #</Process><Process ToolSource="c:\program files\arcgis\pro\Resources\ArcToolbox\toolboxes\Data Management Tools.tbx\Rename" Date="20190515" Time="152128">Rename "W:\HPT\Hydro Products\Digital Zoning Database\20190515_2019Leidos_CU\CO-OPS_Regional_Zoning.gdb\GulfofMexico_Update" "W:\HPT\Hydro Products\Digital Zoning Database\20190515_2019Leidos_CU\CO-OPS_Regional_Zoning.gdb\GulfofMexico" FeatureClass</Process><Process ToolSource="c:\program files\arcgis\pro\Resources\ArcToolbox\toolboxes\Analysis Tools.tbx\Update" Date="20190815" Time="135334">Update GulfofMexico NewZones "W:\HPT\Hydro Products\Digital Zoning Database\20190813_test_tampa_bay_HY\CO-OPS_Regional_Zoning.gdb\GulfofMexico_Update" BORDERS #</Process><Process ToolSource="c:\program files\arcgis\pro\Resources\ArcToolbox\Toolboxes\Data Management Tools.tbx\Rename" Date="20191205" Time="104324">Rename "W:\HPT\Hydro Products\Digital Zoning Database\20191205_G938_SC_CF\CO-OPS_Regional_Zoning.gdb\GulfofMexico_Update" "W:\HPT\Hydro Products\Digital Zoning Database\20191205_G938_SC_CF\CO-OPS_Regional_Zoning.gdb\GulfofMexico" FeatureClass</Process><Process ToolSource="c:\program files\arcgis\pro\Resources\ArcToolbox\toolboxes\Analysis Tools.tbx\Update" Date="20200902" Time="102620">Update GulfofMexico NewZones "W:\HPT\Hydro Products\Digital Zoning Database\20200827_Calcasieu_Sabine_HY\CO-OPS_Regional_Zoning.gdb\GulfofMexico_Update" BORDERS #</Process><Process ToolSource="c:\program files\arcgis\pro\Resources\ArcToolbox\toolboxes\Data Management Tools.tbx\CalculateField" Date="20200902" Time="104619">CalculateField GulfofMexico_Update DataProv 'CO-OPS' "Python 3" #</Process><Process ToolSource="c:\program files\arcgis\pro\Resources\ArcToolbox\toolboxes\Data Management Tools.tbx\Rename" Date="20201013" Time="145657">Rename "W:\HPT\Hydro Products\Digital Zoning Database\20201013_NF-20-08_CU\CO-OPS_Regional_Zoning.gdb\GulfofMexico_Update" "W:\HPT\Hydro Products\Digital Zoning Database\20201013_NF-20-08_CU\CO-OPS_Regional_Zoning.gdb\GulfofMexico" FeatureClass</Process><Process ToolSource="c:\program files\arcgis\pro\Resources\ArcToolbox\toolboxes\Conversion Tools.tbx\FeatureClassToFeatureClass" Date="20201231" Time="110547">FeatureClassToFeatureClass GulfofMexico "E:\csb\tide zone polygons" Gulf_of_Mexico_tide_zones.shp # "ControlStn "ControlStn" true true false 254 Text 0 0,First,#,GulfofMexico,ControlStn,0,254;ATCorr "AvgTimeCorr" true true false 4 Float 0 0,First,#,GulfofMexico,ATCorr,-1,-1;RR "RangeRatio" true true false 4 Float 0 0,First,#,GulfofMexico,RR,-1,-1;ControlS_1 "ControlStn2" true true false 255 Text 0 0,First,#,GulfofMexico,ControlStn2,0,255;ATCorr2 "AvgTimeCorr2" true true false 4 Float 0 0,First,#,GulfofMexico,ATCorr2,-1,-1;RR2 "RangeRatio2" true true false 4 Float 0 0,First,#,GulfofMexico,RR2,-1,-1;DataProv "Data Provider" true true false 254 Text 0 0,First,#,GulfofMexico,DataProv,0,254;Shape_Leng "Shape_Length" false true true 8 Double 0 0,First,#,GulfofMexico,Shape_Length,-1,-1;Shape_Area "Shape_Area" false true true 8 Double 0 0,First,#,GulfofMexico,Shape_Area,-1,-1" #</Process><Process ToolSource="c:\program files\arcgis\pro\Resources\ArcToolbox\toolboxes\Data Management Tools.tbx\Merge" Date="20201231" Time="151206">Merge Gulf_of_Mexico_tide_zones;Caribbean_Update;FloridaKeys;GulfofMexico;Atlantic_Tide_Zones "E:\csb\tide zone polygons\tide_zone_polygons.shp" "ControlStn "ControlStn" true true false 254 Text 0 0,First,#,Gulf_of_Mexico_tide_zones,ControlStn,0,254,Caribbean_Update,ControlStn,0,254,FloridaKeys,ControlStn,0,254,GulfofMexico,ControlStn,0,254,Atlantic_Tide_Zones,ControlStn,0,8;ATCorr "ATCorr" true true false 13 Float 0 0,First,#,Gulf_of_Mexico_tide_zones,ATCorr,-1,-1,Caribbean_Update,ATCorr,-1,-1,FloridaKeys,ATCorr,-1,-1,GulfofMexico,ATCorr,-1,-1,Atlantic_Tide_Zones,ATCorr,-1,-1;RR "RR" true true false 13 Float 0 0,First,#,Gulf_of_Mexico_tide_zones,RR,-1,-1,Caribbean_Update,RR,-1,-1,FloridaKeys,RR,-1,-1,GulfofMexico,RR,-1,-1,Atlantic_Tide_Zones,RR,-1,-1;ControlS_1 "ControlS_1" true true false 254 Text 0 0,First,#,Gulf_of_Mexico_tide_zones,ControlS_1,0,254,Atlantic_Tide_Zones,ControlS_1,0,254;ATCorr2 "ATCorr2" true true false 13 Float 0 0,First,#,Gulf_of_Mexico_tide_zones,ATCorr2,-1,-1,Caribbean_Update,ATCorr2,-1,-1,FloridaKeys,ATCorr2,-1,-1,GulfofMexico,ATCorr2,-1,-1,Atlantic_Tide_Zones,ATCorr2,-1,-1;RR2 "RR2" true true false 13 Float 0 0,First,#,Gulf_of_Mexico_tide_zones,RR2,-1,-1,Caribbean_Update,RR2,-1,-1,FloridaKeys,RR2,-1,-1,GulfofMexico,RR2,-1,-1,Atlantic_Tide_Zones,RR2,-1,-1;DataProv "DataProv" true true false 254 Text 0 0,First,#,Gulf_of_Mexico_tide_zones,DataProv,0,254,Caribbean_Update,DataProv,0,254,FloridaKeys,DataProv,0,254,GulfofMexico,DataProv,0,254,Atlantic_Tide_Zones,DataProv,0,254;Shape_Leng "Shape_Leng" true true false 19 Double 0 0,First,#,Gulf_of_Mexico_tide_zones,Shape_Leng,-1,-1,Atlantic_Tide_Zones,Shape_Leng,-1,-1;Shape_Area "Shape_Area" true true false 19 Double 0 0,First,#,Gulf_of_Mexico_tide_zones,Shape_Area,-1,-1,Caribbean_Update,Shape_Area,-1,-1,FloridaKeys,Shape_Area,-1,-1,GulfofMexico,Shape_Area,-1,-1,Atlantic_Tide_Zones,Shape_Area,-1,-1;ControlS_2 "ControlStn2" true true false 255 Text 0 0,First,#,Caribbean_Update,ControlStn2,0,255,FloridaKeys,ControlStn2,0,255,GulfofMexico,ControlStn2,0,255;Shape_Le_1 "Shape_Length" false true true 8 Double 0 0,First,#,Caribbean_Update,Shape_Length,-1,-1,FloridaKeys,Shape_Length,-1,-1,GulfofMexico,Shape_Length,-1,-1" NO_SOURCE_INFO</Process></lineage></DataProperties><SyncDate>20201231</SyncDate><SyncTime>15120500</SyncTime><ModDate>20201231</ModDate><ModTime>15120500</ModTime></Esri><dataIdInfo><envirDesc Sync="TRUE">Microsoft Windows 10 Version 10.0 (Build 17763) ; Esri ArcGIS 12.5.0.22081</envirDesc><dataLang><languageCode value="eng" Sync="TRUE"></languageCode><countryCode value="USA" Sync="TRUE"></countryCode></dataLang><idCitation><resTitle Sync="TRUE">tide_zone_polygons</resTitle><presForm><PresFormCd value="005" Sync="TRUE"></PresFormCd></presForm></idCitation><spatRpType><SpatRepTypCd value="001" Sync="TRUE"></SpatRepTypCd></spatRpType></dataIdInfo><mdLang><languageCode value="eng" Sync="TRUE"></languageCode><countryCode value="USA" Sync="TRUE"></countryCode></mdLang><mdChar><CharSetCd value="004" Sync="TRUE"></CharSetCd></mdChar><distInfo><distFormat><formatName Sync="TRUE">Shapefile</formatName></distFormat><distTranOps><transSize Sync="TRUE">0.000</transSize></distTranOps></distInfo><mdHrLv><ScopeCd value="005" Sync="TRUE"></ScopeCd></mdHrLv><mdHrLvName Sync="TRUE">dataset</mdHrLvName><refSysInfo><RefSystem><refSysID><identCode code="4326" Sync="TRUE"></identCode><idCodeSpace Sync="TRUE">EPSG</idCodeSpace><idVersion Sync="TRUE">6.14(3.0.1)</idVersion></refSysID></RefSystem></refSysInfo><spatRepInfo><VectSpatRep><geometObjs Name="tide_zone_polygons"><geoObjTyp><GeoObjTypCd value="002" Sync="TRUE"></GeoObjTypCd></geoObjTyp><geoObjCnt Sync="TRUE">0</geoObjCnt></geometObjs><topLvl><TopoLevCd value="001" Sync="TRUE"></TopoLevCd></topLvl></VectSpatRep></spatRepInfo><spdoinfo><ptvctinf><esriterm Name="tide_zone_polygons"><efeatyp Sync="TRUE">Simple</efeatyp><efeageom code="4" Sync="TRUE"></efeageom><esritopo Sync="TRUE">FALSE</esritopo><efeacnt Sync="TRUE">0</efeacnt><spindex Sync="TRUE">FALSE</spindex><linrefer Sync="TRUE">TRUE</linrefer></esriterm></ptvctinf></spdoinfo><eainfo><detailed Name="tide_zone_polygons"><enttyp><enttypl Sync="TRUE">tide_zone_polygons</enttypl><enttypt Sync="TRUE">Feature Class</enttypt><enttypc Sync="TRUE">0</enttypc></enttyp><attr><attrlabl Sync="TRUE">FID</attrlabl><attalias Sync="TRUE">FID</attalias><attrtype Sync="TRUE">OID</attrtype><attwidth Sync="TRUE">4</attwidth><atprecis Sync="TRUE">0</atprecis><attscale Sync="TRUE">0</attscale><attrdef Sync="TRUE">Internal feature number.</attrdef><attrdefs Sync="TRUE">Esri</attrdefs><attrdomv><udom Sync="TRUE">Sequential unique whole numbers that are automatically generated.</udom></attrdomv></attr><attr><attrlabl Sync="TRUE">Shape</attrlabl><attalias Sync="TRUE">Shape</attalias><attrtype Sync="TRUE">Geometry</attrtype><attwidth Sync="TRUE">0</attwidth><atprecis Sync="TRUE">0</atprecis><attscale Sync="TRUE">0</attscale><attrdef Sync="TRUE">Feature geometry.</attrdef><attrdefs Sync="TRUE">Esri</attrdefs><attrdomv><udom Sync="TRUE">Coordinates defining the features.</udom></attrdomv></attr><attr><attrlabl Sync="TRUE">ControlStn</attrlabl><attalias Sync="TRUE">ControlStn</attalias><attrtype Sync="TRUE">String</attrtype><attwidth Sync="TRUE">254</attwidth><atprecis Sync="TRUE">0</atprecis><attscale Sync="TRUE">0</attscale></attr><attr><attrlabl Sync="TRUE">ATCorr</attrlabl><attalias Sync="TRUE">ATCorr</attalias><attrtype Sync="TRUE">Single</attrtype><attwidth Sync="TRUE">13</attwidth><atprecis Sync="TRUE">0</atprecis><attscale Sync="TRUE">0</attscale></attr><attr><attrlabl Sync="TRUE">RR</attrlabl><attalias Sync="TRUE">RR</attalias><attrtype Sync="TRUE">Single</attrtype><attwidth Sync="TRUE">13</attwidth><atprecis Sync="TRUE">0</atprecis><attscale Sync="TRUE">0</attscale></attr><attr><attrlabl Sync="TRUE">ControlS_1</attrlabl><attalias Sync="TRUE">ControlS_1</attalias><attrtype Sync="TRUE">String</attrtype><attwidth Sync="TRUE">254</attwidth><atprecis Sync="TRUE">0</atprecis><attscale Sync="TRUE">0</attscale></attr><attr><attrlabl Sync="TRUE">ATCorr2</attrlabl><attalias Sync="TRUE">ATCorr2</attalias><attrtype Sync="TRUE">Single</attrtype><attwidth Sync="TRUE">13</attwidth><atprecis Sync="TRUE">0</atprecis><attscale Sync="TRUE">0</attscale></attr><attr><attrlabl Sync="TRUE">RR2</attrlabl><attalias Sync="TRUE">RR2</attalias><attrtype Sync="TRUE">Single</attrtype><attwidth Sync="TRUE">13</attwidth><atprecis Sync="TRUE">0</atprecis><attscale Sync="TRUE">0</attscale></attr><attr><attrlabl Sync="TRUE">DataProv</attrlabl><attalias Sync="TRUE">DataProv</attalias><attrtype Sync="TRUE">String</attrtype><attwidth Sync="TRUE">254</attwidth><atprecis Sync="TRUE">0</atprecis><attscale Sync="TRUE">0</attscale></attr><attr><attrlabl Sync="TRUE">Shape_Leng</attrlabl><attalias Sync="TRUE">Shape_Leng</attalias><attrtype Sync="TRUE">Double</attrtype><attwidth Sync="TRUE">19</attwidth><atprecis Sync="TRUE">0</atprecis><attscale Sync="TRUE">0</attscale></attr><attr><attrlabl Sync="TRUE">Shape_Area</attrlabl><attalias Sync="TRUE">Shape_Area</attalias><attrtype Sync="TRUE">Double</attrtype><attwidth Sync="TRUE">19</attwidth><atprecis Sync="TRUE">0</atprecis><attscale Sync="TRUE">0</attscale><attrdef Sync="TRUE">Area of feature in internal units squared.</attrdef><attrdefs Sync="TRUE">Esri</attrdefs><attrdomv><udom Sync="TRUE">Positive real numbers that are automatically generated.</udom></attrdomv></attr><attr><attrlabl Sync="TRUE">ControlS_2</attrlabl><attalias Sync="TRUE">ControlS_2</attalias><attrtype Sync="TRUE">String</attrtype><attwidth Sync="TRUE">254</attwidth><atprecis Sync="TRUE">0</atprecis><attscale Sync="TRUE">0</attscale></attr><attr><attrlabl Sync="TRUE">Shape_Le_1</attrlabl><attalias Sync="TRUE">Shape_Le_1</attalias><attrtype Sync="TRUE">Double</attrtype><attwidth Sync="TRUE">19</attwidth><atprecis Sync="TRUE">0</atprecis><attscale Sync="TRUE">0</attscale></attr></detailed></eainfo><mdDateSt Sync="TRUE">20201231</mdDateSt></metadata>
